,smooth,raw,prob
0,8.340246734689194,7.355740938246138,7.3551018202072465
1,6.614736651002339,5.6174701539690695,5.6138297130961465
2,4.958728910973484,3.959242077365537,3.9399801843493663
3,7.503998710488575,6.510677715660351,6.509189136977856
4,9.113436622922675,8.147328191619335,8.147038641867175
5,9.218797138580502,8.256527483584328,8.256267891143
6,8.42028944236273,7.43708657770009,7.436497405470007
7,9.379139788655682,8.423581568247494,8.423361917491311
8,9.949684647123293,9.02971737181781,9.029597568295443
9,9.147338174598357,8.182419511430606,8.182139947548439
10,6.2880973352973655,5.29006559233045,5.285011411881507
11,5.417912626090071,4.418730800508278,4.406608100788239
12,10.90519609215073,10.12832966048592,10.128289727573208
13,10.11673873178646,9.212038928611765,9.211939093339879
14,6.298027903499966,5.300015923183619,5.29501190953931
15,8.988273479968669,8.01811646013933,8.017786965909986
16,11.12833964346494,10.4160117329377,10.415981783402664
17,8.70797151481451,7.7304343876875485,7.72999503791813
18,6.1831321546911395,5.184903116083114,5.179286895413427
19,10.317409427248611,9.435182479925974,9.43510261250585
20,10.212048911590784,9.31739944426959,9.317309592973425
21,8.988273479968669,8.01811646013933,8.017786965909986
22,4.973481549448522,3.9740024929486575,3.955025520512803
23,7.9195141544502405,6.929656542935238,6.928677727224005
24,8.251954127543517,7.266128779556451,7.265429723253953
25,8.664486402874772,7.685982625116715,7.685523300316084
26,7.743949380119166,6.752450086808054,6.751281389772078
27,8.776964386301461,7.801051954901502,7.800642566930792
28,5.2732677212625125,4.273974327350344,4.259950121024126
29,10.435192462904995,9.568713872550497,9.568643988906736
30,11.821486824024886,11.51462402160581,11.514614038527128
31,6.762061365759198,5.765231035697557,5.762091441265571
32,9.048898101785104,8.080636817120663,8.080327295329356
33,4.961871920370683,3.9623867340450087,3.943185902273285
34,4.986302237877584,3.986830033884366,3.9680972144929902
35,5.121986483863208,4.122592454091219,4.1062573032026215
36,8.643432993676939,7.664476419895752,7.664007107429887
37,11.12833964346494,10.4160117329377,10.415981783402664
38,11.12833964346494,10.4160117329377,10.415981783402664
39,11.821486824024886,11.51462402160581,11.514614038527128
40,6.79104890263245,5.794312244998398,5.791262776291861
41,10.568723855529518,9.722864552377755,9.722804652410682
42,7.162775871108765,6.1675164908883415,6.16541785423142
43,8.903716091940606,7.9311050831497,7.930745629515348
44,5.025781048851371,4.0263305064463815,4.008329788727816
45,9.624262246688666,8.681410677549593,8.681240951656504
46,8.563390286003404,7.582798388881484,7.582289124757121
47,7.580160071454139,6.587370336448605,6.585991728623943
48,11.12833964346494,10.4160117329377,10.415981783402664
49,5.220936283983393,4.221606341833028,4.206822545648791
50,11.12833964346494,10.4160117329377,10.415981783402664
51,11.41602171591672,10.821476841045865,10.821456874788838
52,7.283525387730244,6.288877347892608,6.2870187784556615
53,8.170828582731147,7.183890681319479,7.183131683160564
54,9.218797138580502,8.256527483584328,8.256267891143
55,6.797606303178609,5.80089121609644,5.797861774225864
56,5.909336083636629,4.9106801970053375,4.903285447824874
57,5.019092060700575,4.0196377876552765,4.001515090205525
58,4.946771399120949,3.9472783455925704,3.927782349926408
59,5.130644546606322,4.1312558746134265,4.115062777827388
60,5.122602437070239,4.1232087869304515,4.106883783432707
61,8.776964386301461,7.801051954901502,7.800642566930792
62,10.90519609215073,10.12832966048592,10.128289727573208
63,10.029727354796831,9.11672874880744,9.116618929460156
64,6.91251518370513,5.916202062607435,5.91350300563827
65,6.656700850101371,5.659552099403383,5.656061938803451
66,8.75343388889127,7.776954403322442,7.776535028185241
67,5.800463474675359,4.80166782092874,4.793417850571184
68,10.568723855529518,9.722864552377755,9.722804652410682
69,8.622813706474204,7.643423010697919,7.642943710467067
70,11.12833964346494,10.4160117329377,10.415981783402664
71,8.75343388889127,7.776954403322442,7.776535028185241
72,9.29575817971663,8.336570191257865,8.336330569858527
73,9.681420660528614,8.742035299366028,8.741875558146464
74,6.107754018515516,5.109395563574968,5.1033375181619345
75,6.04228771008393,5.043824517823208,5.037354596308735
76,5.038161623420925,4.038718052238413,4.020940925390141
77,11.41602171591672,10.821476841045865,10.821456874788838
78,7.678352097633352,6.6863102843035085,6.6850616264482925
79,5.255517876487731,4.256211871010503,4.241934532168062
80,7.565874114206663,6.572981598996505,6.571582997369922
81,10.90519609215073,10.12832966048592,10.128289727573208
82,6.736981681362174,5.7400724760614015,5.736852763053881
83,8.40376014041152,7.42027945938371,7.4196802981914285
84,11.41602171591672,10.821476841045865,10.821456874788838
85,7.06789663291852,6.072206311084017,6.06989756832274
86,6.70349301160813,5.706481531625366,5.703151645094435
87,4.943160355733561,3.9436654384367995,3.924098183258735
88,6.6065510664159,5.609262173551239,5.6055916739134295
89,4.952992258996051,3.953502432075572,3.9341285837599824
90,9.570195025418391,8.624252263709645,8.624072553043334
91,8.107914757320579,7.120174866933371,7.119365914482622
92,11.821486824024886,11.51462402160581,11.514614038527128
93,4.990072778299471,3.990602606399685,3.9719409870856426
94,6.448525914481083,5.450838812918202,5.446536870412506
95,7.001205258419849,6.0052356849778326,6.002766831739986
96,7.96075711298429,6.971329239335806,6.970390394046467
97,9.423591551226515,8.470101583882387,8.469891918298224
98,5.006943926764928,4.007482941878202,3.9891365762697304
99,9.681420660528614,8.742035299366028,8.741875558146464
100,9.949684647123293,9.02971737181781,9.029597568295443
101,9.25653746656335,8.295748196737609,8.295498589867131
102,8.776964386301461,7.801051954901502,7.800642566930792
103,7.013375794040104,6.017455796312608,6.015016965741877
104,10.435192462904995,9.568713872550497,9.568643988906736
105,11.821486824024886,11.51462402160581,11.514614038527128
106,8.801061937880522,7.825744567491873,7.825345166587912
107,8.801061937880522,7.825744567491873,7.825345166587912
108,7.860673654427307,6.8702331224644375,6.8691943481246405
109,5.092858210940184,4.093446493010417,4.076624146228988
110,8.602610999156685,7.622803723495183,7.622314435399587
111,7.017465779291629,6.021562578265262,6.019133755049936
112,11.41602171591672,10.821476841045865,10.821456874788838
113,7.021572561244282,6.025686295449123,6.023267479489059
114,6.9088319382888335,5.912505200726109,5.909796133696833
115,7.860673654427307,6.8702331224644375,6.8691943481246405
116,10.317409427248611,9.435182479925974,9.43510261250585
117,5.042133259847272,4.042691943360688,4.024985948579289
118,11.821486824024886,11.51462402160581,11.514614038527128
119,8.622813706474204,7.643423010697919,7.642943710467067
120,9.80658380348262,8.875566691990551,8.875426919818963
121,8.801061937880522,7.825744567491873,7.825345166587912
122,11.821486824024886,11.51462402160581,11.514614038527128
123,8.877047844858446,7.903706108961585,7.903336668659435
124,5.194107042312091,4.19475909179684,4.179569944978759
125,10.568723855529518,9.722864552377755,9.722804652410682
126,4.96292178923352,3.9634371543096605,3.944256675457564
127,8.251954127543517,7.266128779556451,7.265429723253953
128,8.048725885930246,7.060276725352302,7.0594178161141645
129,10.435192462904995,9.568713872550497,9.568643988906736
130,10.722874535356777,9.90518610917171,9.905136192781653
131,5.265418947470442,4.2661199492351995,4.251984372495935
132,4.963972761479495,3.964488679117381,3.9453285527706785
133,9.74204528234505,8.8065738205036,8.806424063857868
134,9.147338174598357,8.182419511430606,8.182139947548439
135,10.568723855529518,9.722864552377755,9.722804652410682
136,6.31007624201614,5.312088504417887,5.307144687617276
137,7.055048490440672,6.059302906248108,6.056964144725104
138,4.952992258996051,3.953502432075572,3.9341285837599824
139,11.821486824024886,11.51462402160581,11.514614038527128
140,8.93111506612872,7.959275960116396,7.95892649305011
141,10.722874535356777,9.90518610917171,9.905136192781653
142,5.003109356193965,4.003646269591715,3.985228726349259
143,10.317409427248611,9.435182479925974,9.43510261250585
144,8.355750921225159,7.371489295214277,7.370860166536716
145,5.094654080922996,4.095243438687118,4.078451548603881
146,10.90519609215073,10.12832966048592,10.128289727573208
147,7.950285813116994,6.960747130005269,6.959798292260234
148,9.624262246688666,8.681410677549593,8.681240951656504
149,5.157077803674477,4.157705779249789,4.1419387237353344
150,11.41602171591672,10.821476841045865,10.821456874788838
151,7.870243105443458,6.879895033376174,6.878866252390797
152,8.582808371860505,7.602601016177664,7.602101740117565
153,5.336851588389633,4.33760525569591,4.324451336214477
154,10.568723855529518,9.722864552377755,9.722804652410682
155,7.982034511431575,6.9928354445567695,6.99191658387928
156,9.518901731030839,8.57018504243937,8.569995346900141
157,8.877047844858446,7.903706108961585,7.903336668659435
158,10.90519609215073,10.12832966048592,10.128289727573208
159,5.94936903454947,4.9507684950736826,4.943665359979241
160,10.212048911590784,9.31739944426959,9.317309592973425
161,8.095793396788233,7.107904774341557,7.1070858307329825
162,9.74204528234505,8.8065738205036,8.806424063857868
163,11.12833964346494,10.4160117329377,10.415981783402664
164,8.387499619539739,7.403750157432499,7.403141007178241
165,8.563390286003404,7.582798388881484,7.582289124757121
166,10.722874535356777,9.90518610917171,9.905136192781653
167,9.875576674969572,8.949674664144274,8.949544876347138
168,6.048489280347211,5.050035717915849,5.043605986904366
169,9.29575817971663,8.336570191257865,8.336330569858527
170,6.969456560105268,5.973360476447383,5.970811558356964
171,10.212048911590784,9.31739944426959,9.317309592973425
172,5.0141045191895355,4.0146474806536885,3.9964332886401746
173,9.048898101785104,8.080636817120663,8.080327295329356
174,7.445729802364599,6.452028988578843,6.4504504247438375
175,8.120184849912391,7.132597386931928,7.131798425539183
176,4.972950904702719,3.9734715664695015,3.954484419696378
177,7.445729802364599,6.452028988578843,6.4504504247438375
178,11.41602171591672,10.821476841045865,10.821456874788838
179,9.949684647123293,9.02971737181781,9.029597568295443
180,5.100061123234242,4.100653731415365,4.0839532058614365
181,10.435192462904995,9.568713872550497,9.568643988906736
182,5.787202279733975,4.788390619247063,4.780029919737931
183,8.454190994038411,7.47157275377126,7.4710035591662365
184,7.349848030661317,6.355568722391281,6.353830164955678
185,7.950285813116994,6.960747130005269,6.959798292260234
186,9.182429494409627,8.21878715560148,8.21851757748959
187,9.379139788655682,8.423581568247494,8.423361917491311
188,5.276137163690466,4.276845829682367,4.262862118613147
189,8.00377449806798,7.014814351275545,7.013915474810528
190,8.801061937880522,7.825744567491873,7.825345166587912
191,6.414315052564767,5.41654973943957,5.412097394607367
192,9.423591551226515,8.470101583882387,8.469891918298224
193,5.482009743556825,4.4828827628426815,4.47151763509033
194,7.332850454292745,6.338474289031981,6.336705729946285
195,10.90519609215073,10.12832966048592,10.128289727573208
196,9.624262246688666,8.681410677549593,8.681240951656504
197,8.071982748094515,7.083807222762497,7.082968296538797
198,8.489282313849682,7.507290836373339,7.506741618994279
199,9.080646800099684,8.113426639943654,8.11312710422178
200,9.25653746656335,8.295748196737609,8.295498589867131
201,11.41602171591672,10.821476841045865,10.821456874788838
202,7.678352097633352,6.6863102843035085,6.6850616264482925
203,5.479365405303734,4.480236091690307,4.468840672075862
204,9.518901731030839,8.57018504243937,8.569995346900141
205,8.224174563436438,7.237957902589755,7.237238866067673
206,4.950914336170465,3.951423429247739,3.9320088668063775
207,7.439460189351004,6.4457198193855785,6.444131256700441
208,10.435192462904995,9.568713872550497,9.568643988906736
209,11.821486824024886,11.51462402160581,11.514614038527128
210,9.875576674969572,8.949674664144274,8.949544876347138
211,8.93111506612872,7.959275960116396,7.95892649305011
212,9.570195025418391,8.624252263709645,8.624072553043334
213,10.317409427248611,9.435182479925974,9.43510261250585
214,10.568723855529518,9.722864552377755,9.722804652410682
215,8.93111506612872,7.959275960116396,7.95892649305011
216,5.405571868897658,4.406379881874269,4.394105598866503
217,7.870243105443458,6.879895033376174,6.878866252390797
218,9.147338174598357,8.182419511430606,8.182139947548439
219,8.355750921225159,7.371489295214277,7.370860166536716
220,9.147338174598357,8.182419511430606,8.182139947548439
221,10.722874535356777,9.90518610917171,9.905136192781653
222,10.435192462904995,9.568713872550497,9.568643988906736
223,9.80658380348262,8.875566691990551,8.875426919818963
224,4.95507450857713,3.9555857661624265,3.9362526303150354
225,7.616794204633919,6.624274893384056,6.622946268315355
226,9.681420660528614,8.742035299366028,8.741875558146464
227,9.182429494409627,8.21878715560148,8.21851757748959
228,7.805103803272496,6.814143655813393,6.81304491924978
229,4.9671323217698635,3.967649904089283,3.9485508327735346
230,10.90519609215073,10.12832966048592,10.128289727573208
231,4.95039552941434,3.9509043531914436,3.931479611959628
232,10.317409427248611,9.435182479925974,9.43510261250585
233,11.821486824024886,11.51462402160581,11.514614038527128
234,6.938684901438514,5.942469989428045,5.939841000074158
235,10.11673873178646,9.212038928611765,9.211939093339879
236,11.41602171591672,10.821476841045865,10.821456874788838
237,11.12833964346494,10.4160117329377,10.415981783402664
238,8.037297190106624,7.048715902951226,7.0478470020561215
239,10.212048911590784,9.31739944426959,9.317309592973425
240,8.237967885568775,7.2519441445644945,7.251235098202106
241,9.875576674969572,8.949674664144274,8.949544876347138
242,9.570195025418391,8.624252263709645,8.624072553043334
243,11.41602171591672,10.821476841045865,10.821456874788838
244,10.722874535356777,9.90518610917171,9.905136192781653
245,8.685992608095734,7.70796153183549,7.707512194600341
246,11.821486824024886,11.51462402160581,11.514614038527128
247,9.336580174236886,8.37912980567666,8.378900169648754
248,9.01812644311835,8.048888118806083,8.04856861084562
249,10.90519609215073,10.12832966048592,10.128289727573208
250,11.821486824024886,11.51462402160581,11.514614038527128
251,5.758865082600575,4.760019922117848,4.751417589165472
252,6.019368448647823,5.020870181754123,5.014249531465746
253,7.384735289661758,6.390660042202551,6.388981485366972
254,7.162775871108765,6.1675164908883415,6.16541785423142
255,8.324979262558404,7.340236751710173,7.339587644210162
256,10.90519609215073,10.12832966048592,10.128289727573208
257,11.41602171591672,10.821476841045865,10.821456874788838
258,7.439460189351004,6.4457198193855785,6.444131256700441
259,9.048898101785104,8.080636817120663,8.080327295329356
260,5.815133664423152,4.816355967490397,4.808226778589008
261,11.821486824024886,11.51462402160581,11.514614038527128
262,8.75343388889127,7.776954403322442,7.776535028185241
263,9.182429494409627,8.21878715560148,8.21851757748959
264,11.41602171591672,10.821476841045865,10.821456874788838
265,10.722874535356777,9.90518610917171,9.905136192781653
266,7.950285813116994,6.960747130005269,6.959798292260234
267,9.01812644311835,8.048888118806083,8.04856861084562
268,11.821486824024886,11.51462402160581,11.514614038527128
269,11.821486824024886,11.51462402160581,11.514614038527128
270,4.994399448110203,3.9949316174892706,3.9763513634851733
271,5.714463936282631,4.715568159547014,4.706573047678794
272,9.048898101785104,8.080636817120663,8.080327295329356
273,9.336580174236886,8.37912980567666,8.378900169648754
274,11.821486824024886,11.51462402160581,11.514614038527128
275,7.201428025543043,6.206356324204605,6.204337716358098
276,5.898568819452014,4.89989842140205,4.892423211989013
277,8.70797151481451,7.7304343876875485,7.72999503791813
278,9.80658380348262,8.875566691990551,8.875426919818963
279,9.218797138580502,8.256527483584328,8.256267891143
280,11.821486824024886,11.51462402160581,11.514614038527128
281,11.41602171591672,10.821476841045865,10.821456874788838
282,9.25653746656335,8.295748196737609,8.295498589867131
283,7.03817045265332,6.042353347934335,6.039974559993889
284,6.129439605587105,5.1311173867218045,5.125189900756187
285,9.218797138580502,8.256527483584328,8.256267891143
286,10.722874535356777,9.90518610917171,9.905136192781653
287,8.75343388889127,7.776954403322442,7.776535028185241
288,9.875576674969572,8.949674664144274,8.949544876347138
289,8.664486402874772,7.685982625116715,7.685523300316084
290,11.821486824024886,11.51462402160581,11.514614038527128
291,10.317409427248611,9.435182479925974,9.43510261250585
292,8.959285943095416,7.988263496989648,7.987924016391698
293,10.722874535356777,9.90518610917171,9.905136192781653
294,11.821486824024886,11.51462402160581,11.514614038527128
295,4.979871347547293,3.9803956953317203,3.961540806869444
296,5.938164435536606,4.93954818100619,4.932364609140035
297,5.59593878556436,4.596918411770504,4.586784376313822
298,5.992541206414678,4.994002894047114,4.987201339235629
299,11.12833964346494,10.4160117329377,10.415981783402664
300,10.90519609215073,10.12832966048592,10.128289727573208
301,11.821486824024886,11.51462402160581,11.514614038527128
302,7.396640192168076,6.402636233249266,6.4009776758137065
303,11.41602171591672,10.821476841045865,10.821456874788838
304,6.927385346184582,5.931127712824111,5.928468695093405
305,7.88966119130056,6.89950350476455,6.898494710188415
306,10.568723855529518,9.722864552377755,9.722804652410682
307,9.80658380348262,8.875566691990551,8.875426919818963
308,7.616794204633919,6.624274893384056,6.622946268315355
309,11.41602171591672,10.821476841045865,10.821456874788838
310,8.851072358455184,7.877037861879424,7.87665843480974
311,7.950285813116994,6.960747130005269,6.959798292260234
312,11.821486824024886,11.51462402160581,11.514614038527128
313,9.949684647123293,9.02971737181781,9.029597568295443
314,8.602610999156685,7.622803723495183,7.622314435399587
315,10.722874535356777,9.90518610917171,9.905136192781653
316,10.722874535356777,9.90518610917171,9.905136192781653
317,9.681420660528614,8.742035299366028,8.741875558146464
318,7.1347366510443715,6.139345613921645,6.137186951453607
319,9.949684647123293,9.02971737181781,9.029597568295443
320,11.821486824024886,11.51462402160581,11.514614038527128
321,8.50730081935236,7.5256399750415355,7.5251007461258
322,10.722874535356777,9.90518610917171,9.905136192781653
323,7.009302468652468,6.013365811061083,6.0109169730347976
324,9.949684647123293,9.02971737181781,9.029597568295443
325,10.435192462904995,9.568713872550497,9.568643988906736
326,8.93111506612872,7.959275960116396,7.95892649305011
327,8.903716091940606,7.9311050831497,7.930745629515348
328,9.01812644311835,8.048888118806083,8.04856861084562
329,5.57926355856972,4.580226811677251,4.569921321426222
330,10.11673873178646,9.212038928611765,9.211939093339879
331,9.949684647123293,9.02971737181781,9.029597568295443
332,11.821486824024886,11.51462402160581,11.514614038527128
333,8.295126299408725,7.309931402214844,7.309262315493224
334,8.237967885568775,7.2519441445644945,7.251235098202106
335,9.080646800099684,8.113426639943654,8.11312710422178
336,8.622813706474204,7.643423010697919,7.642943710467067
337,6.993173086722584,5.997171125141103,5.994682256291077
338,9.875576674969572,8.949674664144274,8.949544876347138
339,9.113436622922675,8.147328191619335,8.147038641867175
340,9.80658380348262,8.875566691990551,8.875426919818963
341,7.0465738634497,6.0507922165801995,6.048433442048739
342,9.74204528234505,8.8065738205036,8.806424063857868
343,5.1868534661632,4.1875007293465165,4.17220008229265
344,9.25653746656335,8.295748196737609,8.295498589867131
345,6.993173086722584,5.997171125141103,5.994682256291077
346,7.5729915819755265,6.5801500884751185,6.578761483799465
347,11.41602171591672,10.821476841045865,10.821456874788838
348,11.41602171591672,10.821476841045865,10.821456874788838
349,4.969772935926374,3.970291913552122,3.9512437185814275
350,5.390961219380223,4.391757363006727,4.379301149718185
351,11.821486824024886,11.51462402160581,11.514614038527128
352,10.212048911590784,9.31739944426959,9.317309592973425
353,11.821486824024886,11.51462402160581,11.514614038527128
354,11.12833964346494,10.4160117329377,10.415981783402664
355,10.029727354796831,9.11672874880744,9.116618929460156
356,10.90519609215073,10.12832966048592,10.128289727573208
357,7.0465738634497,6.0507922165801995,6.048433442048739
358,8.70797151481451,7.7304343876875485,7.72999503791813
359,9.518901731030839,8.57018504243937,8.569995346900141
360,5.510659867862151,4.511558562819348,4.500516491180614
361,10.435192462904995,9.568713872550497,9.568643988906736
362,8.266138762535473,7.28051751700855,7.279828450666143
363,11.41602171591672,10.821476841045865,10.821456874788838
364,10.317409427248611,9.435182479925974,9.43510261250585
365,10.722874535356777,9.90518610917171,9.905136192781653
366,7.08528837563039,6.089674004124407,6.087405284977068
367,10.568723855529518,9.722864552377755,9.722804652410682
368,7.8418051701229246,6.851184927493743,6.8501261661455
369,8.107914757320579,7.120174866933371,7.119365914482622
370,9.624262246688666,8.681410677549593,8.681240951656504
371,7.609359226146402,6.616784221654899,6.615445600234865
372,6.768430814044677,5.7716208337963275,5.768501268005299
373,10.317409427248611,9.435182479925974,9.43510261250585
374,6.9088319382888335,5.912505200726109,5.909796133696833
375,11.41602171591672,10.821476841045865,10.821456874788838
376,7.870243105443458,6.879895033376174,6.878866252390797
377,4.944706349342178,3.945212229155098,3.925675514389637
378,6.1602639637874805,5.161994625286243,5.156247885804093
379,7.71884345898809,6.727132278823764,6.725933597229833
380,11.41602171591672,10.821476841045865,10.821456874788838
381,11.41602171591672,10.821476841045865,10.821456874788838
382,9.875576674969572,8.949674664144274,8.949544876347138
383,9.113436622922675,8.147328191619335,8.147038641867175
384,5.069800730692637,4.070375372109105,4.053157003815486
385,8.309941385193865,7.324969279579384,7.324310182518466
386,5.597918984231222,4.598900572974496,4.588786706737567
387,11.821486824024886,11.51462402160581,11.514614038527128
388,11.12833964346494,10.4160117329377,10.415981783402664
389,4.94264555520739,3.94315037275454,3.9235729372316666
390,9.518901731030839,8.57018504243937,8.569995346900141
391,5.208773971900822,4.209435806212773,4.194469622576287
392,8.664486402874772,7.685982625116715,7.685523300316084
393,7.8418051701229246,6.851184927493743,6.8501261661455
394,7.761043813478466,6.76969189324256,6.768543185412414
395,9.518901731030839,8.57018504243937,8.569995346900141
396,11.41602171591672,10.821476841045865,10.821456874788838
397,11.821486824024886,11.51462402160581,11.514614038527128
398,9.147338174598357,8.182419511430606,8.182139947548439
399,10.212048911590784,9.31739944426959,9.317309592973425
400,7.251943815679945,6.2571286495780285,6.255210068738897
401,9.949684647123293,9.02971737181781,9.029597568295443
402,9.423591551226515,8.470101583882387,8.469891918298224
403,7.001205258419849,6.0052356849778326,6.002766831739986
404,10.568723855529518,9.722864552377755,9.722804652410682
405,8.340246734689194,7.355740938246138,7.3551018202072465
406,10.435192462904995,9.568713872550497,9.568643988906736
407,8.801061937880522,7.825744567491873,7.825345166587912
408,6.217524684650895,5.219358020166164,5.213932527122948
409,11.41602171591672,10.821476841045865,10.821456874788838
410,4.9655512937725454,3.9660680424359365,3.9469384440706756
411,8.903716091940606,7.9311050831497,7.930745629515348
412,10.90519609215073,10.12832966048592,10.128289727573208
413,11.821486824024886,11.51462402160581,11.514614038527128
414,7.25713863255705,6.26235059355918,6.260442014870511
415,10.568723855529518,9.722864552377755,9.722804652410682
416,8.776964386301461,7.801051954901502,7.800642566930792
417,8.825754550470894,7.851062375476164,7.85067296153921
418,8.664486402874772,7.685982625116715,7.685523300316084
419,11.821486824024886,11.51462402160581,11.514614038527128
420,5.233936809200089,4.234615768721622,4.2200244565440785
421,4.976139005171365,3.9766613618376017,3.957735259535394
422,10.029727354796831,9.11672874880744,9.116618929460156
423,8.095793396788233,7.107904774341557,7.1070858307329825
424,9.570195025418391,8.624252263709645,8.624072553043334
425,11.821486824024886,11.51462402160581,11.514614038527128
426,10.435192462904995,9.568713872550497,9.568643988906736
427,11.12833964346494,10.4160117329377,10.415981783402664
428,6.15852634388894,5.160253980808459,5.154497200712024
429,4.960823152576599,3.961337416005391,3.9421162308997904
430,10.317409427248611,9.435182479925974,9.43510261250585
431,10.90519609215073,10.12832966048592,10.128289727573208
432,9.01812644311835,8.048888118806083,8.04856861084562
433,10.029727354796831,9.11672874880744,9.116618929460156
434,10.90519609215073,10.12832966048592,10.128289727573208
435,8.50730081935236,7.5256399750415355,7.5251007461258
436,7.201428025543043,6.206356324204605,6.204337716358098
437,9.01812644311835,8.048888118806083,8.04856861084562
438,11.12833964346494,10.4160117329377,10.415981783402664
439,7.639436681383679,6.647089571150228,6.645790934535973
440,7.7271422618027845,6.73550052849428,6.734311841852899
441,7.55880694698357,6.565864131227642,6.5644555325501885
442,9.113436622922675,8.147328191619335,8.147038641867175
443,6.249332791847121,5.251225759014186,5.245970886175828
444,5.3262212680878775,4.326966857490854,4.31367131500961
445,11.41602171591672,10.821476841045865,10.821456874788838
446,7.7784355561903356,6.787236202893469,6.786107483869593
447,9.681420660528614,8.742035299366028,8.741875558146464
448,10.435192462904995,9.568713872550497,9.568643988906736
449,8.93111506612872,7.959275960116396,7.95892649305011
450,4.960299180859083,3.960813169597578,3.9415818076696905
451,6.645337091451056,5.6481559646725135,5.644625731541295
452,9.570195025418391,8.624252263709645,8.624072553043334
453,9.80658380348262,8.875566691990551,8.875426919818963
454,8.15792517789524,7.170818599752126,7.170049610934477
455,10.317409427248611,9.435182479925974,9.43510261250585
456,8.877047844858446,7.903706108961585,7.903336668659435
457,11.821486824024886,11.51462402160581,11.514614038527128
458,6.665309224637971,5.668185246548085,5.664725139292843
459,9.518901731030839,8.57018504243937,8.569995346900141
460,5.0302653612987,4.030817333939975,4.012897927776843
461,9.336580174236886,8.37912980567666,8.378900169648754
462,9.25653746656335,8.295748196737609,8.295498589867131
463,8.295126299408725,7.309931402214844,7.309262315493224
464,9.518901731030839,8.57018504243937,8.569995346900141
465,9.147338174598357,8.182419511430606,8.182139947548439
466,10.90519609215073,10.12832966048592,10.128289727573208
467,9.182429494409627,8.21878715560148,8.21851757748959
468,4.985227546747819,3.985754764963559,3.9670016017617873
469,10.029727354796831,9.11672874880744,9.116618929460156
470,9.875576674969572,8.949674664144274,8.949544876347138
471,9.875576674969572,8.949674664144274,8.949544876347138
472,9.01812644311835,8.048888118806083,8.04856861084562
473,5.037029761387242,4.0375855492861135,4.019788098060783
474,8.75343388889127,7.776954403322442,7.776535028185241
475,9.624262246688666,8.681410677549593,8.681240951656504
476,7.654821600223158,6.662593757686193,6.661315112875299
477,11.821486824024886,11.51462402160581,11.514614038527128
478,10.212048911590784,9.31739944426959,9.317309592973425
479,10.11673873178646,9.212038928611765,9.211939093339879
480,10.90519609215073,10.12832966048592,10.128289727573208
481,10.212048911590784,9.31739944426959,9.317309592973425
482,9.570195025418391,8.624252263709645,8.624072553043334
483,8.776964386301461,7.801051954901502,7.800642566930792
484,9.147338174598357,8.182419511430606,8.182139947548439
485,11.12833964346494,10.4160117329377,10.415981783402664
486,8.324979262558404,7.340236751710173,7.339587644210162
487,10.212048911590784,9.31739944426959,9.317309592973425
488,9.336580174236886,8.37912980567666,8.378900169648754
489,9.29575817971663,8.336570191257865,8.336330569858527
490,11.821486824024886,11.51462402160581,11.514614038527128
491,11.41602171591672,10.821476841045865,10.821456874788838
492,8.42028944236273,7.43708657770009,7.436497405470007
493,8.622813706474204,7.643423010697919,7.642943710467067
494,9.624262246688666,8.681410677549593,8.681240951656504
495,4.976671344816623,3.977193985019301,3.9582780564332976
496,9.570195025418391,8.624252263709645,8.624072553043334
497,4.954032841816274,3.9545435565839826,3.9351900647096802
498,8.582808371860505,7.602601016177664,7.602101740117565
499,4.969772935926374,3.970291913552122,3.9512437185814275
500,7.909463818596739,6.91950417147122,6.918515362904879
501,5.180957608927147,4.181601007219329,4.166209123451745
502,11.12833964346494,10.4160117329377,10.415981783402664
503,10.029727354796831,9.11672874880744,9.116618929460156
504,9.518901731030839,8.57018504243937,8.569995346900141
505,11.12833964346494,10.4160117329377,10.415981783402664
506,8.355750921225159,7.371489295214277,7.370860166536716
507,10.722874535356777,9.90518610917171,9.905136192781653
508,10.568723855529518,9.722864552377755,9.722804652410682
509,7.0593128892271295,6.063585568040109,6.0612568128711395
510,8.50730081935236,7.5256399750415355,7.5251007461258
511,8.903716091940606,7.9311050831497,7.930745629515348
512,10.11673873178646,9.212038928611765,9.211939093339879
513,7.68632026728253,6.694342456000773,6.693103793597626
514,7.88966119130056,6.89950350476455,6.898494710188415
515,11.12833964346494,10.4160117329377,10.415981783402664
516,6.61748013694809,5.6202211873409595,5.616590765855551
517,11.12833964346494,10.4160117329377,10.415981783402664
518,9.080646800099684,8.113426639943654,8.11312710422178
519,9.570195025418391,8.624252263709645,8.624072553043334
520,7.216316638036794,6.221319196881318,6.219330598187605
521,7.929666525914259,6.939913043102427,6.938944220146447
522,9.01812644311835,8.048888118806083,8.04856861084562
523,7.7106129598515745,6.718833476009069,6.71762479936269
524,9.681420660528614,8.742035299366028,8.741875558146464
525,9.949684647123293,9.02971737181781,9.029597568295443
526,11.41602171591672,10.821476841045865,10.821456874788838
527,7.143995976457168,6.148648006583959,6.146509353119973
528,8.622813706474204,7.643423010697919,7.642943710467067
529,9.218797138580502,8.256527483584328,8.256267891143
530,9.875576674969572,8.949674664144274,8.949544876347138
531,10.90519609215073,10.12832966048592,10.128289727573208
532,10.029727354796831,9.11672874880744,9.116618929460156
533,7.694352438979794,6.702439666233392,6.701210999182407
534,10.435192462904995,9.568713872550497,9.568643988906736
535,7.211329096525755,6.216306655057774,6.214308053413189
536,7.992845427535791,7.00376451508896,7.002855646567627
537,10.212048911590784,9.31739944426959,9.317309592973425
538,8.224174563436438,7.237957902589755,7.237238866067673
539,4.97189045921628,3.972410558412407,3.9534030626541883
540,10.90519609215073,10.12832966048592,10.128289727573208
541,11.821486824024886,11.51462402160581,11.514614038527128
542,11.821486824024886,11.51462402160581,11.514614038527128
543,4.9478055253765,3.9483130068333465,3.928837370095084
544,10.90519609215073,10.12832966048592,10.128289727573208
545,8.471582736750282,7.48927233087066,7.4887131249285055
546,5.76353253564807,4.76469282781724,4.756130771160256
547,5.886592628405298,4.887906272356785,4.880340537443157
548,4.994941600468291,3.9954740639359865,3.976903980130157
549,7.9399230260814475,6.950275830137974,6.949316999837392
550,10.435192462904995,9.568713872550497,9.568643988906736
551,8.197145891048521,7.21055892840164,7.209819911260759
552,8.309941385193865,7.324969279579384,7.324310182518466
553,8.454190994038411,7.47157275377126,7.4710035591662365
554,8.70797151481451,7.7304343876875485,7.72999503791813
555,4.961871920370683,3.9623867340450087,3.943185902273285
556,10.90519609215073,10.12832966048592,10.128289727573208
557,8.00377449806798,7.014814351275545,7.013915474810528
558,5.114624487422138,4.115225938274456,4.09876901066333
559,10.317409427248611,9.435182479925974,9.43510261250585
560,10.722874535356777,9.90518610917171,9.905136192781653
561,8.582808371860505,7.602601016177664,7.602101740117565
562,6.212015028839926,5.213838226942566,5.208382621429272
563,9.470111566861409,8.51889174805182,8.518692067539973
564,7.246775845521502,6.251933832700924,6.250005249611286
565,6.858642193764978,5.862134841337159,5.859285622944181
566,11.12833964346494,10.4160117329377,10.415981783402664
567,11.821486824024886,11.51462402160581,11.514614038527128
568,4.9623967170240295,3.9629118062544992,3.9437211509943695
569,6.827658648245011,5.831044254267129,5.828104928195414
570,11.12833964346494,10.4160117329377,10.415981783402664
571,10.722874535356777,9.90518610917171,9.905136192781653
572,9.29575817971663,8.336570191257865,8.336330569858527
573,11.41602171591672,10.821476841045865,10.821456874788838
574,11.41602171591672,10.821476841045865,10.821456874788838
575,9.681420660528614,8.742035299366028,8.741875558146464
576,10.317409427248611,9.435182479925974,9.43510261250585
577,7.471208887665584,6.4776714191921805,6.476132849757964
578,8.309941385193865,7.324969279579384,7.324310182518466
579,11.821486824024886,11.51462402160581,11.514614038527128
580,9.29575817971663,8.336570191257865,8.336330569858527
581,11.821486824024886,11.51462402160581,11.514614038527128
582,10.90519609215073,10.12832966048592,10.128289727573208
583,8.1839006642985,7.197135908069499,7.1963869004695065
584,10.568723855529518,9.722864552377755,9.722804652410682
585,7.670446918126239,6.678342114654332,6.677083461247136
586,9.29575817971663,8.336570191257865,8.336330569858527
587,9.379139788655682,8.423581568247494,8.423361917491311
588,4.979337302140742,3.9798613645682726,3.960996303010781
589,9.681420660528614,8.742035299366028,8.741875558146464
590,6.464900549352873,5.467251842559532,5.463020080065594
591,4.95039552941434,3.9509043531914436,3.931479611959628
592,8.851072358455184,7.877037861879424,7.87665843480974
593,11.12833964346494,10.4160117329377,10.415981783402664
594,4.941102741838881,3.941606765553263,3.921998788374114
595,8.93111506612872,7.959275960116396,7.95892649305011
596,11.821486824024886,11.51462402160581,11.514614038527128
597,9.875576674969572,8.949674664144274,8.949544876347138
598,10.212048911590784,9.31739944426959,9.317309592973425
599,9.80658380348262,8.875566691990551,8.875426919818963
600,8.877047844858446,7.903706108961585,7.903336668659435
601,11.12833964346494,10.4160117329377,10.415981783402664
602,10.90519609215073,10.12832966048592,10.128289727573208
603,7.8995134877435715,6.909453835617718,6.90845503409641
604,7.2365193453543135,6.241624463042063,6.239675875151272
605,11.821486824024886,11.51462402160581,11.514614038527128
606,9.949684647123293,9.02971737181781,9.029597568295443
607,9.29575817971663,8.336570191257865,8.336330569858527
608,6.320228613480158,5.322261532130938,5.317367876598816
609,10.11673873178646,9.212038928611765,9.211939093339879
610,5.082150196667712,4.08273210479801,4.06572699834504
611,8.75343388889127,7.776954403322442,7.776535028185241
612,8.107914757320579,7.120174866933371,7.119365914482622
613,5.717810286309975,4.718918246432295,4.709953353804669
614,4.981475197129267,3.982000402817022,3.9631760330194545
615,10.435192462904995,9.568713872550497,9.568643988906736
616,5.157077803674477,4.157705779249789,4.1419387237353344
617,10.11673873178646,9.212038928611765,9.211939093339879
618,10.317409427248611,9.435182479925974,9.43510261250585
619,10.435192462904995,9.568713872550497,9.568643988906736
620,6.068914185199253,5.070492764905369,5.06419364187422
621,8.014824334254566,7.02598765187367,7.025098767365128
622,9.74204528234505,8.8065738205036,8.806424063857868
623,7.609359226146402,6.616784221654899,6.615445600234865
624,10.90519609215073,10.12832966048592,10.128289727573208
625,5.017426781381514,4.017971583437527,3.9998183887299845
626,6.124393337519481,5.12606261606018,5.120105002504215
627,5.4154322610317385,4.416248383015023,4.404095368475582
628,8.622813706474204,7.643423010697919,7.642943710467067
629,6.476763084662693,5.479142589081054,5.474960952151665
630,4.9933160243855905,3.9938476065430124,3.975247011832075
631,10.722874535356777,9.90518610917171,9.905136192781653
632,7.111956622712551,6.116461320088057,6.114252633358242
633,10.11673873178646,9.212038928611765,9.211939093339879
634,10.435192462904995,9.568713872550497,9.568643988906736
635,8.170828582731147,7.183890681319479,7.183131683160564
636,9.379139788655682,8.423581568247494,8.423361917491311
637,10.11673873178646,9.212038928611765,9.211939093339879
638,6.6798232675222255,5.682741544322293,5.679331523967834
639,11.821486824024886,11.51462402160581,11.514614038527128
640,5.955018767091588,4.956426218793541,4.949363299658809
641,4.964498662096402,3.965014856451278,3.945864906201941
642,7.272886989525189,6.278182058775861,6.276303485938335
643,7.08528837563039,6.089674004124407,6.087405284977068
644,5.7553787339211375,4.7565295171780795,4.747896975939568
645,10.568723855529518,9.722864552377755,9.722804652410682
646,7.761043813478466,6.76969189324256,6.768543185412414
647,10.722874535356777,9.90518610917171,9.905136192781653
648,8.73044437066657,7.753423905912247,7.752994543508811
649,9.80658380348262,8.875566691990551,8.875426919818963
650,10.568723855529518,9.722864552377755,9.722804652410682
651,9.74204528234505,8.8065738205036,8.806424063857868
652,5.451585841196659,4.452432389319254,4.440713799401347
653,9.74204528234505,8.8065738205036,8.806424063857868
654,5.6118912674262384,4.612886814949236,4.602914121861408
655,9.147338174598357,8.182419511430606,8.182139947548439
656,11.41602171591672,10.821476841045865,10.821456874788838
657,6.68863389720438,5.691578126122791,5.688198156704671
658,6.700503472759764,5.703483028629109,5.700143125721403
659,9.74204528234505,8.8065738205036,8.806424063857868
660,7.879905016355195,6.889651208321538,6.888632420590715
661,11.821486824024886,11.51462402160581,11.514614038527128
662,10.317409427248611,9.435182479925974,9.43510261250585
663,11.821486824024886,11.51462402160581,11.514614038527128
664,11.821486824024886,11.51462402160581,11.514614038527128
665,9.147338174598357,8.182419511430606,8.182139947548439
666,7.992845427535791,7.00376451508896,7.002855646567627
667,6.9501135972621375,5.953942390590282,5.951343428711537
668,7.63183208199846,6.639426698404658,6.638118065738844
669,7.654821600223158,6.662593757686193,6.661315112875299
670,11.12833964346494,10.4160117329377,10.415981783402664
671,10.11673873178646,9.212038928611765,9.211939093339879
672,8.825754550470894,7.851062375476164,7.85067296153921
673,11.41602171591672,10.821476841045865,10.821456874788838
674,5.683759769938652,4.684830284093385,4.675553081934253
675,6.642516215109415,5.645327108472036,5.641786856957083
676,9.048898101785104,8.080636817120663,8.080327295329356
677,10.11673873178646,9.212038928611765,9.211939093339879
678,7.139355596900666,6.1439859934781476,6.1418373355621805
679,8.237967885568775,7.2519441445644945,7.251235098202106
680,8.73044437066657,7.753423905912247,7.752994543508811
681,9.147338174598357,8.182419511430606,8.182139947548439
682,8.959285943095416,7.988263496989648,7.987924016391698
683,9.681420660528614,8.742035299366028,8.741875558146464
684,6.901505898196761,5.90515222642085,5.902423138970745
685,11.41602171591672,10.821476841045865,10.821456874788838
686,5.6068787256026935,4.607869242957256,4.597846133175443
687,10.90519609215073,10.12832966048592,10.128289727573208
688,7.832502777460611,6.841795187143903,6.840726432141632
689,11.41602171591672,10.821476841045865,10.821456874788838
690,11.821486824024886,11.51462402160581,11.514614038527128
691,6.39433658563388,5.396526823564462,5.391984226477145
692,10.212048911590784,9.31739944426959,9.317309592973425
693,4.963972761479495,3.964488679117381,3.9453285527706785
694,8.387499619539739,7.403750157432499,7.403141007178241
695,7.992845427535791,7.00376451508896,7.002855646567627
696,8.664486402874772,7.685982625116715,7.685523300316084
697,5.26826592448237,4.2689689540112745,4.254873877039142
698,8.197145891048521,7.21055892840164,7.209819911260759
699,6.469628690548819,5.471991187923429,5.467779475956821
700,7.089683987103428,6.094089022333524,6.09183030883938
701,10.11673873178646,9.212038928611765,9.211939093339879
702,5.063973208373291,4.064544451798311,4.0472245142597725
703,6.946289500823734,5.950103614283116,5.9474946433461735
704,5.315702763896657,4.316440444503867,4.303003258962895
705,6.831054237246149,5.834451412588742,5.831522098882299
706,8.371499278193298,7.387489636560718,7.3868704971447015
707,5.811445891343968,4.81266365560327,4.804504272705452
708,6.503366830180669,5.5058108361632145,5.5017394666323804
709,10.568723855529518,9.722864552377755,9.722804652410682
710,9.681420660528614,8.742035299366028,8.741875558146464
711,10.435192462904995,9.568713872550497,9.568643988906736
712,5.023546411049955,4.024094619545098,4.006053243569343
713,11.41602171591672,10.821476841045865,10.821456874788838
714,4.9566390460540255,3.9571511199910634,3.937848517407121
715,4.94367542141582,3.9441807695484363,3.9246236946115416
716,9.875576674969572,8.949674664144274,8.949544876347138
717,9.681420660528614,8.742035299366028,8.741875558146464
718,6.407611116842577,5.409830789190825,5.4053483611786275
719,9.949684647123293,9.02971737181781,9.029597568295443
720,9.570195025418391,8.624252263709645,8.624072553043334
721,10.90519609215073,10.12832966048592,10.128289727573208
722,8.237967885568775,7.2519441445644945,7.251235098202106
723,7.267609932424345,6.272877006546167,6.270988431858299
724,8.197145891048521,7.21055892840164,7.209819911260759
725,7.870243105443458,6.879895033376174,6.878866252390797
726,11.12833964346494,10.4160117329377,10.415981783402664
727,7.805103803272496,6.814143655813393,6.81304491924978
728,10.722874535356777,9.90518610917171,9.905136192781653
729,10.212048911590784,9.31739944426959,9.317309592973425
730,9.74204528234505,8.8065738205036,8.806424063857868
731,9.25653746656335,8.295748196737609,8.295498589867131
732,10.435192462904995,9.568713872550497,9.568643988906736
733,6.040743308232556,5.042277727104909,5.035797757712297
734,5.7992506182501495,4.800453491696338,4.792193455558911
735,7.8995134877435715,6.909453835617718,6.90845503409641
736,8.643432993676939,7.664476419895752,7.664007107429887
737,7.7106129598515745,6.718833476009069,6.71762479936269
738,5.918853490623519,4.920210561856031,4.9128862100688835
739,8.210568911380662,7.224164580457419,7.223435553675841
740,8.602610999156685,7.622803723495183,7.622314435399587
741,9.336580174236886,8.37912980567666,8.378900169648754
742,10.90519609215073,10.12832966048592,10.128289727573208
743,8.371499278193298,7.387489636560718,7.3868704971447015
744,7.735510511473302,6.743939397140145,6.742760705351415
745,7.909463818596739,6.91950417147122,6.918515362904879
746,8.801061937880522,7.825744567491873,7.825345166587912
747,5.570546796355304,4.571501598786382,4.5611053264476045
748,7.851194910472763,6.860663671448287,6.859614903654202
749,9.423591551226515,8.470101583882387,8.469891918298224
750,7.076554695661636,6.08090201805157,6.0786132872974985
751,10.435192462904995,9.568713872550497,9.568643988906736
752,8.224174563436438,7.237957902589755,7.237238866067673
753,10.212048911590784,9.31739944426959,9.317309592973425
754,10.11673873178646,9.212038928611765,9.211939093339879
755,6.718576253819458,5.721610413221666,5.718330607069754
756,6.364031236138551,5.366155725688163,5.361472720011622
757,11.821486824024886,11.51462402160581,11.514614038527128
758,11.41602171591672,10.821476841045865,10.821456874788838
759,9.29575817971663,8.336570191257865,8.336330569858527
760,10.029727354796831,9.11672874880744,9.116618929460156
761,8.224174563436438,7.237957902589755,7.237238866067673
762,9.624262246688666,8.681410677549593,8.681240951656504
763,10.11673873178646,9.212038928611765,9.211939093339879
764,9.624262246688666,8.681410677549593,8.681240951656504
765,6.320228613480158,5.322261532130938,5.317367876598816
766,8.643432993676939,7.664476419895752,7.664007107429887
767,7.9713392223148265,6.982024528452554,6.981095675519062
768,11.821486824024886,11.51462402160581,11.514614038527128
769,9.949684647123293,9.02971737181781,9.029597568295443
770,7.080912001030591,6.085278392651369,6.082999667750722
771,10.722874535356777,9.90518610917171,9.905136192781653
772,8.170828582731147,7.183890681319479,7.183131683160564
773,8.237967885568775,7.2519441445644945,7.251235098202106
774,9.080646800099684,8.113426639943654,8.11312710422178
775,7.814153638792415,6.8232761393766665,6.822187396766711
776,9.80658380348262,8.875566691990551,8.875426919818963
777,11.821486824024886,11.51462402160581,11.514614038527128
778,10.317409427248611,9.435182479925974,9.43510261250585
779,9.218797138580502,8.256527483584328,8.256267891143
780,6.685688386974624,5.68862391422536,5.6852339279288
781,7.477681402171202,6.484186100213375,6.482657529129431
782,11.41602171591672,10.821476841045865,10.821456874788838
783,11.12833964346494,10.4160117329377,10.415981783402664
784,10.317409427248611,9.435182479925974,9.43510261250585
785,8.643432993676939,7.664476419895752,7.664007107429887
786,10.317409427248611,9.435182479925974,9.43510261250585
787,10.568723855529518,9.722864552377755,9.722804652410682
788,7.752460069787075,6.7610338304994455,6.759875128116331
789,8.266138762535473,7.28051751700855,7.279828450666143
790,9.875576674969572,8.949674664144274,8.949544876347138
791,10.568723855529518,9.722864552377755,9.722804652410682
792,4.949876991679101,3.950385546435319,3.93095062630944
793,8.13260736991095,7.1451761691387885,7.144387198704226
794,9.80658380348262,8.875566691990551,8.875426919818963
795,10.435192462904995,9.568713872550497,9.568643988906736
796,9.470111566861409,8.51889174805182,8.518692067539973
797,7.769701876221581,6.778425573211314,6.7772868598342475
798,7.111956622712551,6.116461320088057,6.114252633358242
799,6.294043834485091,5.29602390191408,5.290999821849923
800,8.371499278193298,7.387489636560718,7.3868704971447015
801,8.037297190106624,7.048715902951226,7.0478470020561215
802,10.90519609215073,10.12832966048592,10.128289727573208
803,4.958206035144578,3.9587189279944632,3.9394468577417174
804,10.435192462904995,9.568713872550497,9.568643988906736
805,7.283525387730244,6.288877347892608,6.2870187784556615
806,9.570195025418391,8.624252263709645,8.624072553043334
807,10.90519609215073,10.12832966048592,10.128289727573208
808,11.12833964346494,10.4160117329377,10.415981783402664
809,10.435192462904995,9.568713872550497,9.568643988906736
810,5.260456158128313,4.261153638921282,4.246947183642491
811,10.435192462904995,9.568713872550497,9.568643988906736
812,9.949684647123293,9.02971737181781,9.029597568295443
813,6.997181108120123,6.0011952754408275,5.99871641444697
814,10.90519609215073,10.12832966048592,10.128289727573208
815,4.974543684439506,3.9750651923047795,3.9561085682329176
816,6.241756998038663,5.243635589747511,5.238340573597524
817,4.9478055253765,3.9483130068333465,3.928837370095084
818,8.582808371860505,7.602601016177664,7.602101740117565
819,11.12833964346494,10.4160117329377,10.415981783402664
820,9.147338174598357,8.182419511430606,8.182139947548439
821,10.11673873178646,9.212038928611765,9.211939093339879
822,10.722874535356777,9.90518610917171,9.905136192781653
823,10.722874535356777,9.90518610917171,9.905136192781653
824,9.570195025418391,8.624252263709645,8.624072553043334
825,9.80658380348262,8.875566691990551,8.875426919818963
826,4.969772935926374,3.970291913552122,3.9512437185814275
827,6.0208801647331445,5.022384186585339,5.015773585588737
828,10.317409427248611,9.435182479925974,9.43510261250585
829,9.25653746656335,8.295748196737609,8.295498589867131
830,10.11673873178646,9.212038928611765,9.211939093339879
831,7.12556227476833,6.130128958816721,6.127950286944262
832,8.903716091940606,7.9311050831497,7.930745629515348
833,9.681420660528614,8.742035299366028,8.741875558146464
834,5.818835087526339,4.820061963084714,4.811962967268105
835,6.340847900682894,5.342923424194895,5.338130083651922
836,5.266841422816984,4.267543437020054,4.253428110369383
837,6.784534221611256,5.787776274018613,5.784706778075032
838,8.454190994038411,7.47157275377126,7.4710035591662365
839,9.147338174598357,8.182419511430606,8.182139947548439
840,8.120184849912391,7.132597386931928,7.131798425539183
841,10.029727354796831,9.11672874880744,9.116618929460156
842,7.982034511431575,6.9928354445567695,6.99191658387928
843,9.470111566861409,8.51889174805182,8.518692067539973
844,7.2416344460210835,6.246765862542482,6.244827277102291
845,9.336580174236886,8.37912980567666,8.378900169648754
846,8.544342091032709,7.563380303024383,7.562861050735994
847,6.001403893672523,5.002878691961082,4.996137442293644
848,11.41602171591672,10.821476841045865,10.821456874788838
849,11.41602171591672,10.821476841045865,10.821456874788838
850,11.821486824024886,11.51462402160581,11.514614038527128
851,11.41602171591672,10.821476841045865,10.821456874788838
852,10.317409427248611,9.435182479925974,9.43510261250585
853,8.120184849912391,7.132597386931928,7.131798425539183
854,11.12833964346494,10.4160117329377,10.415981783402664
855,11.12833964346494,10.4160117329377,10.415981783402664
856,9.74204528234505,8.8065738205036,8.806424063857868
857,11.41602171591672,10.821476841045865,10.821456874788838
858,10.11673873178646,9.212038928611765,9.211939093339879
859,6.556209311555049,5.558786652140979,5.554925759340714
860,8.324979262558404,7.340236751710173,7.339587644210162
861,11.12833964346494,10.4160117329377,10.415981783402664
862,8.93111506612872,7.959275960116396,7.95892649305011
863,10.722874535356777,9.90518610917171,9.905136192781653
864,7.316136973319005,6.3216671707156,6.319868609079685
865,7.909463818596739,6.91950417147122,6.918515362904879
866,8.602610999156685,7.622803723495183,7.622314435399587
867,9.147338174598357,8.182419511430606,8.182139947548439
868,11.821486824024886,11.51462402160581,11.514614038527128
869,8.544342091032709,7.563380303024383,7.562861050735994
870,8.903716091940606,7.9311050831497,7.930745629515348
871,8.251954127543517,7.266128779556451,7.265429723253953
872,10.568723855529518,9.722864552377755,9.722804652410682
873,9.113436622922675,8.147328191619335,8.147038641867175
874,9.29575817971663,8.336570191257865,8.336330569858527
875,5.497127861643574,4.498014337711591,4.486820846514208
876,8.387499619539739,7.403750157432499,7.403141007178241
877,9.570195025418391,8.624252263709645,8.624072553043334
878,9.570195025418391,8.624252263709645,8.624072553043334
879,6.013344334044442,5.014836980949956,5.008176132484559
880,5.5142995443096,4.515201554097849,4.504199857136123
881,9.113436622922675,8.147328191619335,8.147038641867175
882,10.317409427248611,9.435182479925974,9.43510261250585
883,9.80658380348262,8.875566691990551,8.875426919818963
884,5.122602437070239,4.1232087869304515,4.106883783432707
885,11.41602171591672,10.821476841045865,10.821456874788838
886,11.12833964346494,10.4160117329377,10.415981783402664
887,9.01812644311835,8.048888118806083,8.04856861084562
888,8.489282313849682,7.507290836373339,7.506741618994279
889,11.821486824024886,11.51462402160581,11.514614038527128
890,10.11673873178646,9.212038928611765,9.211939093339879
891,10.11673873178646,9.212038928611765,9.211939093339879
892,8.643432993676939,7.664476419895752,7.664007107429887
893,11.12833964346494,10.4160117329377,10.415981783402664
894,9.113436622922675,8.147328191619335,8.147038641867175
895,6.676903557418891,5.679813284543204,5.676393247009283
896,9.25653746656335,8.295748196737609,8.295498589867131
897,5.221616324812048,4.222286845431933,4.20751318090863
898,6.256966416702192,5.258873979852443,5.253659248714292
899,6.662431524810357,5.665299241658951,5.661829116722501
900,8.93111506612872,7.959275960116396,7.95892649305011
901,10.435192462904995,9.568713872550497,9.568643988906736
902,7.1770959248835124,6.181905228340441,6.179836603237971
903,7.823286122355687,6.83249279448159,6.831414045725414
904,11.41602171591672,10.821476841045865,10.821456874788838
905,8.959285943095416,7.988263496989648,7.987924016391698
906,9.949684647123293,9.02971737181781,9.029597568295443
907,10.11673873178646,9.212038928611765,9.211939093339879
908,9.875576674969572,8.949674664144274,8.949544876347138
909,6.62298979275906,5.625746063272929,5.622135680261391
910,5.583162198985377,4.584129255654183,4.573864110352476
911,5.8515013085940275,4.852769281060499,4.844931920465507
912,11.41602171591672,10.821476841045865,10.821456874788838
913,10.722874535356777,9.90518610917171,9.905136192781653
914,7.001205258419849,6.0052356849778326,6.002766831739986
915,7.111956622712551,6.116461320088057,6.114252633358242
916,10.90519609215073,10.12832966048592,10.128289727573208
917,10.317409427248611,9.435182479925974,9.43510261250585
918,7.445729802364599,6.452028988578843,6.4504504247438375
919,11.12833964346494,10.4160117329377,10.415981783402664
920,5.890568776784937,4.89188769765597,4.8843521388197555
921,8.340246734689194,7.355740938246138,7.3551018202072465
922,5.952189910891111,4.953593355709237,4.9465103287968155
923,7.5448207050088305,6.551779391345903,6.550350798266881
924,11.821486824024886,11.51462402160581,11.514614038527128
925,8.602610999156685,7.622803723495183,7.622314435399587
926,7.670446918126239,6.678342114654332,6.677083461247136
927,8.170828582731147,7.183890681319479,7.183131683160564
928,10.029727354796831,9.11672874880744,9.116618929460156
929,10.029727354796831,9.11672874880744,9.116618929460156
930,10.90519609215073,10.12832966048592,10.128289727573208
931,8.825754550470894,7.851062375476164,7.85067296153921
932,10.029727354796831,9.11672874880744,9.116618929460156
933,9.875576674969572,8.949674664144274,8.949544876347138
934,7.992845427535791,7.00376451508896,7.002855646567627
935,9.80658380348262,8.875566691990551,8.875426919818963
936,10.722874535356777,9.90518610917171,9.905136192781653
937,11.12833964346494,10.4160117329377,10.415981783402664
938,10.11673873178646,9.212038928611765,9.211939093339879
939,9.570195025418391,8.624252263709645,8.624072553043334
940,10.212048911590784,9.31739944426959,9.317309592973425
941,10.568723855529518,9.722864552377755,9.722804652410682
942,5.656068969793465,4.65710995906042,4.6475707446456775
943,11.41602171591672,10.821476841045865,10.821456874788838
944,11.821486824024886,11.51462402160581,11.514614038527128
945,9.518901731030839,8.57018504243937,8.569995346900141
946,4.94264555520739,3.94315037275454,3.9235729372316666
947,4.956117261539186,3.9566290630750043,3.937316282840165
948,7.5729915819755265,6.5801500884751185,6.578761483799465
949,8.73044437066657,7.753423905912247,7.752994543508811
950,4.928845182852797,3.9293429429666844,3.9094905989509714
951,10.722874535356777,9.90518610917171,9.905136192781653
952,7.609359226146402,6.616784221654899,6.615445600234865
953,8.197145891048521,7.21055892840164,7.209819911260759
954,6.569213395978256,5.571824646479109,5.568013860657254
955,11.821486824024886,11.51462402160581,11.514614038527128
956,6.569213395978256,5.571824646479109,5.568013860657254
957,10.568723855529518,9.722864552377755,9.722804652410682
958,5.004203448206824,4.004740960450897,3.986343754192263
959,9.147338174598357,8.182419511430606,8.182139947548439
960,5.114624487422138,4.115225938274456,4.09876901066333
961,4.929860926972632,3.9303592032167507,3.9105272253850267
962,9.681420660528614,8.742035299366028,8.741875558146464
963,4.950914336170465,3.951423429247739,3.9320088668063775
964,5.02466310575003,4.02521193809709,4.007190891456567
965,6.51818191596581,5.520662594299241,5.51665136549773
966,4.929352925945706,3.9298509439936113,3.9100087831217403
967,5.451585841196659,4.452432389319254,4.440713799401347
968,11.821486824024886,11.51462402160581,11.514614038527128
969,8.471582736750282,7.48927233087066,7.4887131249285055
970,9.624262246688666,8.681410677549593,8.681240951656504
971,11.821486824024886,11.51462402160581,11.514614038527128
972,8.437096560679112,7.454181011059391,7.453601827691726
973,10.212048911590784,9.31739944426959,9.317309592973425
974,10.317409427248611,9.435182479925974,9.43510261250585
975,5.489095689946311,4.489974991152174,4.4786906372129955
976,9.048898101785104,8.080636817120663,8.080327295329356
977,9.681420660528614,8.742035299366028,8.741875558146464
978,6.3161552880925225,5.31817989381129,5.313266174073709
979,6.443896276582341,5.446198433361699,5.441876438519404
980,4.941102741838881,3.941606765553263,3.921998788374114
981,4.965024839430299,3.9655413107935242,3.9464015365379996
982,10.722874535356777,9.90518610917171,9.905136192781653
983,9.147338174598357,8.182419511430606,8.182139947548439
984,10.435192462904995,9.568713872550497,9.568643988906736
985,7.524201417806094,6.531017399897474,6.529558814466499
986,11.821486824024886,11.51462402160581,11.514614038527128
987,9.25653746656335,8.295748196737609,8.295498589867131
988,9.379139788655682,8.423581568247494,8.423361917491311
989,11.821486824024886,11.51462402160581,11.514614038527128
990,10.11673873178646,9.212038928611765,9.211939093339879
991,10.212048911590784,9.31739944426959,9.317309592973425
992,6.781292727687085,5.784524238632235,5.781444728919722
993,10.90519609215073,10.12832966048592,10.128289727573208
994,4.928845182852797,3.9293429429666844,3.9094905989509714
995,8.685992608095734,7.70796153183549,7.707512194600341
996,9.949684647123293,9.02971737181781,9.029597568295443
997,11.821486824024886,11.51462402160581,11.514614038527128
998,8.060286708331322,7.071972765115493,7.07112384743449
999,5.486432572526827,4.487309507566033,4.475994864211489
1000,10.029727354796831,9.11672874880744,9.116618929460156
1001,8.40376014041152,7.42027945938371,7.4196802981914285
1002,11.821486824024886,11.51462402160581,11.514614038527128
1003,9.681420660528614,8.742035299366028,8.741875558146464
1004,11.821486824024886,11.51462402160581,11.514614038527128
1005,8.324979262558404,7.340236751710173,7.339587644210162
1006,9.875576674969572,8.949674664144274,8.949544876347138
1007,6.028473215640742,5.029988785970558,5.023428429918069
1008,8.563390286003404,7.582798388881484,7.582289124757121
1009,11.821486824024886,11.51462402160581,11.514614038527128
1010,6.001403893672523,5.002878691961082,4.996137442293644
1011,10.722874535356777,9.90518610917171,9.905136192781653
1012,8.903716091940606,7.9311050831497,7.930745629515348
1013,8.50730081935236,7.5256399750415355,7.5251007461258
1014,10.722874535356777,9.90518610917171,9.905136192781653
1015,10.317409427248611,9.435182479925974,9.43510261250585
1016,6.79104890263245,5.794312244998398,5.791262776291861
1017,6.817540518079427,5.82089188280311,5.8179225190340835
1018,5.554286275483523,4.555225509471835,4.544657737367188
1019,7.102987952729791,6.107452250145691,6.105223553010465
1020,5.5695829408589965,4.5705368133762825,4.56013045363012
1021,8.355750921225159,7.371489295214277,7.370860166536716
1022,4.974543684439506,3.9750651923047795,3.9561085682329176
1023,6.284152557006349,5.2861130180146265,5.281038770139129
1024,6.70349301160813,5.706481531625366,5.703151645094435
1025,4.958728910973484,3.959242077365537,3.9399801843493663
1026,5.038161623420925,4.038718052238413,4.020940925390141
1027,11.821486824024886,11.51462402160581,11.514614038527128
1028,10.722874535356777,9.90518610917171,9.905136192781653
1029,11.821486824024886,11.51462402160581,11.514614038527128
1030,10.212048911590784,9.31739944426959,9.317309592973425
1031,11.41602171591672,10.821476841045865,10.821456874788838
1032,7.490753483738555,6.497344184790886,6.49583561010759
1033,8.095793396788233,7.107904774341557,7.1070858307329825
1034,4.948322989812367,3.9488307391772954,3.9293652817475526
1035,8.776964386301461,7.801051954901502,7.800642566930792
1036,4.9671323217698635,3.967649904089283,3.9485508327735346
1037,9.29575817971663,8.336570191257865,8.336330569858527
1038,9.379139788655682,8.423581568247494,8.423361917491311
1039,8.93111506612872,7.959275960116396,7.95892649305011
1040,8.266138762535473,7.28051751700855,7.279828450666143
1041,5.644580592786705,4.6456095709401035,4.635959484516902
1042,6.136207820933244,5.137897073707183,5.132009756450147
1043,9.423591551226515,8.470101583882387,8.469891918298224
1044,5.798039231063853,4.799240635271129,4.7909705332525085
1045,8.544342091032709,7.563380303024383,7.562861050735994
1046,10.722874535356777,9.90518610917171,9.905136192781653
1047,10.722874535356777,9.90518610917171,9.905136192781653
1048,10.722874535356777,9.90518610917171,9.905136192781653
1049,4.98576474794258,3.986292254898563,3.967549263653723
1050,8.471582736750282,7.48927233087066,7.4887131249285055
1051,5.147556944703819,4.14817887327821,4.132259681002657
1052,10.435192462904995,9.568713872550497,9.568643988906736
1053,11.41602171591672,10.821476841045865,10.821456874788838
1054,5.160271674163354,4.1609016912061785,4.145185342802393
1055,4.972420541391428,3.9729409217236986,3.953943600509788
1056,11.821486824024886,11.51462402160581,11.514614038527128
1057,10.722874535356777,9.90518610917171,9.905136192781653
1058,7.587380319427626,6.594643095777685,6.59327448470408
1059,5.51612436233423,4.5170280386238835,4.506046528389385
1060,7.609359226146402,6.616784221654899,6.615445600234865
1061,9.113436622922675,8.147328191619335,8.147038641867175
1062,9.379139788655682,8.423581568247494,8.423361917491311
1063,6.255052540519908,5.256956433723171,5.251731667311032
1064,8.582808371860505,7.602601016177664,7.602101740117565
1065,8.28052749998757,7.295116316429703,7.294437239947587
1066,9.681420660528614,8.742035299366028,8.741875558146464
1067,8.801061937880522,7.825744567491873,7.825345166587912
1068,8.93111506612872,7.959275960116396,7.95892649305011
1069,7.601979118848779,6.60934924316738,6.608000625296087
1070,5.260456158128313,4.261153638921282,4.246947183642491
1071,5.864354955997409,4.865639471581034,4.857902721693119
1072,8.582808371860505,7.602601016177664,7.602101740117565
1073,5.591005376446404,4.591980130129922,4.581795669844043
1074,11.821486824024886,11.51462402160581,11.514614038527128
1075,8.324979262558404,7.340236751710173,7.339587644210162
1076,4.964498662096402,3.965014856451278,3.945864906201941
1077,5.342209427459985,4.342967198837296,4.329884083335076
1078,4.924792492402173,3.925288198435193,3.905354385535457
1079,11.41602171591672,10.821476841045865,10.821456874788838
1080,9.113436622922675,8.147328191619335,8.147038641867175
1081,8.903716091940606,7.9311050831497,7.930745629515348
1082,7.580160071454139,6.587370336448605,6.585991728623943
1083,10.90519609215073,10.12832966048592,10.128289727573208
1084,8.295126299408725,7.309931402214844,7.309262315493224
1085,9.218797138580502,8.256527483584328,8.256267891143
1086,9.25653746656335,8.295748196737609,8.295498589867131
1087,8.988273479968669,8.01811646013933,8.017786965909986
1088,8.877047844858446,7.903706108961585,7.903336668659435
1089,8.582808371860505,7.602601016177664,7.602101740117565
1090,6.91251518370513,5.916202062607435,5.91350300563827
1091,9.949684647123293,9.02971737181781,9.029597568295443
1092,6.75573223070755,5.758881808018898,5.7557221845448
1093,8.776964386301461,7.801051954901502,7.800642566930792
1094,7.09853360238041,6.1029779697507704,6.1007392672626795
1095,7.851194910472763,6.860663671448287,6.859614903654202
1096,4.95143341222676,3.9519427748839253,3.9325383911294116
1097,5.585117233821181,4.586086203441145,4.5758412300037214
1098,5.4129580329653875,4.41377211266176,4.401588782383901
1099,7.361342410087052,6.367129544792357,6.365410987956773
1100,9.147338174598357,8.182419511430606,8.182139947548439
1101,5.89990840438107,4.90123980322625,4.893774651696332
1102,7.278192041754881,6.283515404751223,6.281646833664004
1103,7.517421730820716,6.524191434827074,6.522722851745547
1104,7.594653078756706,6.601969135869758,6.600610521447274
1105,8.959285943095416,7.988263496989648,7.987924016391698
1106,8.776964386301461,7.801051954901502,7.800642566930792
1107,6.057864349012667,5.059425458265688,5.0530560099802075
1108,6.167244794928821,5.168987660777214,5.163281082744094
1109,5.467116783227535,4.467976743757054,4.456439949985569
1110,8.387499619539739,7.403750157432499,7.403141007178241
1111,4.969772935926374,3.970291913552122,3.9512437185814275
1112,9.570195025418391,8.624252263709645,8.624072553043334
1113,7.5448207050088305,6.551779391345903,6.550350798266881
1114,5.1894850466292555,4.190134042257277,4.17487394218216
1115,10.435192462904995,9.568713872550497,9.568643988906736
1116,5.66450783843933,4.665557738972352,4.656099151025307
1117,10.568723855529518,9.722864552377755,9.722804652410682
1118,11.821486824024886,11.51462402160581,11.514614038527128
1119,10.029727354796831,9.11672874880744,9.116618929460156
1120,7.88966119130056,6.89950350476455,6.898494710188415
1121,4.9597754835441545,3.960289197880062,3.9410476590263186
1122,5.828773057516472,4.830012293937883,4.821993808557481
1123,11.821486824024886,11.51462402160581,11.514614038527128
1124,8.70797151481451,7.7304343876875485,7.72999503791813
1125,11.12833964346494,10.4160117329377,10.415981783402664
1126,8.70797151481451,7.7304343876875485,7.72999503791813
1127,9.048898101785104,8.080636817120663,8.080327295329356
1128,10.435192462904995,9.568713872550497,9.568643988906736
1129,9.470111566861409,8.51889174805182,8.518692067539973
1130,10.029727354796831,9.11672874880744,9.116618929460156
1131,9.875576674969572,8.949674664144274,8.949544876347138
1132,4.951952757862946,3.952462390380158,3.9330681852088873
1133,7.7784355561903356,6.787236202893469,6.786107483869593
1134,11.41602171591672,10.821476841045865,10.821456874788838
1135,7.5729915819755265,6.5801500884751185,6.578761483799465
1136,9.949684647123293,9.02971737181781,9.029597568295443
1137,8.877047844858446,7.903706108961585,7.903336668659435
1138,4.982545861043108,3.9830716401985207,3.9642676156600003
1139,8.643432993676939,7.664476419895752,7.664007107429887
1140,5.222296828410953,4.2229678124313486,4.20820427946633
1141,5.921589470442394,4.922950289597152,4.915646050440737
1142,9.29575817971663,8.336570191257865,8.336330569858527
1143,11.821486824024886,11.51462402160581,11.514614038527128
1144,10.11673873178646,9.212038928611765,9.211939093339879
1145,11.12833964346494,10.4160117329377,10.415981783402664
1146,9.80658380348262,8.875566691990551,8.875426919818963
1147,10.90519609215073,10.12832966048592,10.128289727573208
1148,9.113436622922675,8.147328191619335,8.147038641867175
1149,10.90519609215073,10.12832966048592,10.128289727573208
1150,8.251954127543517,7.266128779556451,7.265429723253953
1151,8.664486402874772,7.685982625116715,7.685523300316084
1152,9.80658380348262,8.875566691990551,8.875426919818963
1153,8.622813706474204,7.643423010697919,7.642943710467067
1154,4.988455091238684,3.9889840465642745,3.970291913552122
1155,7.7784355561903356,6.787236202893469,6.786107483869593
1156,11.821486824024886,11.51462402160581,11.514614038527128
1157,11.821486824024886,11.51462402160581,11.514614038527128
1158,10.11673873178646,9.212038928611765,9.211939093339879
1159,8.50730081935236,7.5256399750415355,7.5251007461258
1160,4.9524723733591784,3.95298227601703,3.9335982493254003
1161,6.067328142043618,5.0689042022202315,5.062595033026967
1162,9.048898101785104,8.080636817120663,8.080327295329356
1163,8.266138762535473,7.28051751700855,7.279828450666143
1164,10.435192462904995,9.568713872550497,9.568643988906736
1165,10.029727354796831,9.11672874880744,9.116618929460156
1166,11.821486824024886,11.51462402160581,11.514614038527128
1167,9.080646800099684,8.113426639943654,8.11312710422178
1168,8.582808371860505,7.602601016177664,7.602101740117565
1169,8.685992608095734,7.70796153183549,7.707512194600341
1170,9.147338174598357,8.182419511430606,8.182139947548439
1171,7.769701876221581,6.778425573211314,6.7772868598342475
1172,7.246775845521502,6.251933832700924,6.250005249611286
1173,9.423591551226515,8.470101583882387,8.469891918298224
1174,7.992845427535791,7.00376451508896,7.002855646567627
1175,9.048898101785104,8.080636817120663,8.080327295329356
1176,5.221616324812048,4.222286845431933,4.20751318090863
1177,4.951952757862946,3.952462390380158,3.9330681852088873
1178,8.037297190106624,7.048715902951226,7.0478470020561215
1179,8.15792517789524,7.170818599752126,7.170049610934477
1180,10.029727354796831,9.11672874880744,9.116618929460156
1181,8.643432993676939,7.664476419895752,7.664007107429887
1182,9.423591551226515,8.470101583882387,8.469891918298224
1183,8.643432993676939,7.664476419895752,7.664007107429887
1184,8.251954127543517,7.266128779556451,7.265429723253953
1185,4.99765677998051,3.9981907186901773,3.9796714843242524
1186,9.518901731030839,8.57018504243937,8.569995346900141
1187,6.237990515243187,5.239862000363871,5.234546911953747
1188,10.029727354796831,9.11672874880744,9.116618929460156
1189,5.666628730008467,4.66768088202043,4.658242449674628
1190,7.7784355561903356,6.787236202893469,6.786107483869593
1191,9.218797138580502,8.256527483584328,8.256267891143
1192,10.722874535356777,9.90518610917171,9.905136192781653
1193,8.471582736750282,7.48927233087066,7.4887131249285055
1194,8.210568911380662,7.224164580457419,7.223435553675841
1195,9.01812644311835,8.048888118806083,8.04856861084562
1196,7.654821600223158,6.662593757686193,6.661315112875299
1197,6.078483636215403,5.080077502818357,5.073838654640556
1198,9.949684647123293,9.02971737181781,9.029597568295443
1199,8.544342091032709,7.563380303024383,7.562861050735994
1200,10.029727354796831,9.11672874880744,9.116618929460156
1201,5.091065560325664,4.091652770556389,4.07479996614913
1202,8.107914757320579,7.120174866933371,7.119365914482622
